{
  "info": {
    "name": "GuideMe API",
    "_postman_id": "guideme-api-collection",
    "description": "Complete API collection for GuideMe dental case management platform",
    "schema": "https://schema.getpostman.com/json/collection/v2.1.0/collection.json"
  },
  "auth": {
    "type": "bearer",
    "bearer": [
      {
        "key": "token",
        "value": "{{access_token}}",
        "type": "string"
      }
    ]
  },
  "variable": [
    {
      "key": "base_url",
      "value": "http://localhost:3000/api",
      "type": "string"
    },
    {
      "key": "access_token",
      "value": "",
      "type": "string"
    },
    {
      "key": "case_id",
      "value": "",
      "type": "string"
    },
    {
      "key": "quote_id",
      "value": "",
      "type": "string"
    },
    {
      "key": "payment_id",
      "value": "",
      "type": "string"
    }
  ],
  "item": [
    {
      "name": "Authentication",
      "item": [
        {
          "name": "Request OTP (Login)",
          "request": {
            "method": "POST",
            "header": [],
            "body": {
              "mode": "raw",
              "raw": "{\n  \"identifier\": \"doctor1@example.com\",\n  \"channel\": \"email\",\n  \"purpose\": \"login\"\n}",
              "options": {
                "raw": {
                  "language": "json"
                }
              }
            },
            "url": {
              "raw": "{{base_url}}/auth/request-otp",
              "host": ["{{base_url}}"],
              "path": ["auth", "request-otp"]
            }
          }
        },
        {
          "name": "Request OTP (Register)",
          "request": {
            "method": "POST",
            "header": [],
            "body": {
              "mode": "raw",
              "raw": "{\n  \"identifier\": \"newdoctor@example.com\",\n  \"channel\": \"email\",\n  \"purpose\": \"register\",\n  \"email\": \"newdoctor@example.com\",\n  \"phoneNumber\": \"+966505555555\"\n}",
              "options": {
                "raw": {
                  "language": "json"
                }
              }
            },
            "url": {
              "raw": "{{base_url}}/auth/request-otp",
              "host": ["{{base_url}}"],
              "path": ["auth", "request-otp"]
            }
          }
        },
        {
          "name": "Verify OTP (Login)",
          "event": [
            {
              "listen": "test",
              "script": {
                "exec": [
                  "if (pm.response.code === 200) {",
                  "    var jsonData = pm.response.json();",
                  "    pm.environment.set(\"access_token\", jsonData.data.accessToken);",
                  "    pm.collectionVariables.set(\"access_token\", jsonData.data.accessToken);",
                  "}"
                ]
              }
            }
          ],
          "request": {
            "method": "POST",
            "header": [],
            "body": {
              "mode": "raw",
              "raw": "{\n  \"identifier\": \"doctor1@example.com\",\n  \"code\": \"123456\",\n  \"channel\": \"email\",\n  \"purpose\": \"login\"\n}",
              "options": {
                "raw": {
                  "language": "json"
                }
              }
            },
            "url": {
              "raw": "{{base_url}}/auth/verify-otp",
              "host": ["{{base_url}}"],
              "path": ["auth", "verify-otp"]
            }
          }
        },
        {
          "name": "Verify OTP (Register)",
          "event": [
            {
              "listen": "test",
              "script": {
                "exec": [
                  "if (pm.response.code === 201) {",
                  "    var jsonData = pm.response.json();",
                  "    pm.environment.set(\"access_token\", jsonData.data.accessToken);",
                  "    pm.collectionVariables.set(\"access_token\", jsonData.data.accessToken);",
                  "}"
                ]
              }
            }
          ],
          "request": {
            "method": "POST",
            "header": [],
            "body": {
              "mode": "raw",
              "raw": "{\n  \"identifier\": \"newdoctor@example.com\",\n  \"code\": \"123456\",\n  \"channel\": \"email\",\n  \"purpose\": \"register\",\n  \"name\": \"Dr. New Doctor\",\n  \"email\": \"newdoctor@example.com\",\n  \"phoneNumber\": \"+966505555555\",\n  \"specialty\": \"IMPLANTOLOGY\",\n  \"clinicName\": \"New Dental Clinic\"\n}",
              "options": {
                "raw": {
                  "language": "json"
                }
              }
            },
            "url": {
              "raw": "{{base_url}}/auth/verify-otp",
              "host": ["{{base_url}}"],
              "path": ["auth", "verify-otp"]
            }
          }
        },
        {
          "name": "Logout",
          "request": {
            "method": "POST",
            "header": [],
            "url": {
              "raw": "{{base_url}}/auth/logout",
              "host": ["{{base_url}}"],
              "path": ["auth", "logout"]
            }
          }
        }
      ]
    },
    {
      "name": "Profile",
      "item": [
        {
          "name": "Get Profile",
          "request": {
            "method": "GET",
            "header": [],
            "url": {
              "raw": "{{base_url}}/profile",
              "host": ["{{base_url}}"],
              "path": ["profile"]
            }
          }
        },
        {
          "name": "Update Profile",
          "request": {
            "method": "PUT",
            "header": [],
            "body": {
              "mode": "raw",
              "raw": "{\n  \"name\": \"Dr. Updated Name\",\n  \"specialty\": \"PROSTHODONTICS\",\n  \"clinicName\": \"Updated Clinic\"\n}",
              "options": {
                "raw": {
                  "language": "json"
                }
              }
            },
            "url": {
              "raw": "{{base_url}}/profile",
              "host": ["{{base_url}}"],
              "path": ["profile"]
            }
          }
        }
      ]
    },
    {
      "name": "Addresses",
      "item": [
        {
          "name": "List Addresses",
          "request": {
            "method": "GET",
            "header": [],
            "url": {
              "raw": "{{base_url}}/profile/addresses",
              "host": ["{{base_url}}"],
              "path": ["profile", "addresses"]
            }
          }
        },
        {
          "name": "Add Address",
          "request": {
            "method": "POST",
            "header": [],
            "body": {
              "mode": "raw",
              "raw": "{\n  \"label\": \"Home\",\n  \"country\": \"Saudi Arabia\",\n  \"city\": \"Riyadh\",\n  \"district\": \"Al Malqa\",\n  \"street\": \"Northern Ring Road\",\n  \"building\": \"Villa 456\",\n  \"postalCode\": \"11564\",\n  \"isDefault\": false\n}",
              "options": {
                "raw": {
                  "language": "json"
                }
              }
            },
            "url": {
              "raw": "{{base_url}}/profile/addresses",
              "host": ["{{base_url}}"],
              "path": ["profile", "addresses"]
            }
          }
        },
        {
          "name": "Update Address",
          "request": {
            "method": "PUT",
            "header": [],
            "body": {
              "mode": "raw",
              "raw": "{\n  \"label\": \"Updated Label\",\n  \"isDefault\": true\n}",
              "options": {
                "raw": {
                  "language": "json"
                }
              }
            },
            "url": {
              "raw": "{{base_url}}/profile/addresses/1",
              "host": ["{{base_url}}"],
              "path": ["profile", "addresses", "1"]
            }
          }
        },
        {
          "name": "Delete Address",
          "request": {
            "method": "DELETE",
            "header": [],
            "url": {
              "raw": "{{base_url}}/profile/addresses/1",
              "host": ["{{base_url}}"],
              "path": ["profile", "addresses", "1"]
            }
          }
        }
      ]
    },
    {
      "name": "Cases",
      "item": [
        {
          "name": "Create Case (Draft)",
          "event": [
            {
              "listen": "test",
              "script": {
                "exec": [
                  "if (pm.response.code === 201) {",
                  "    var jsonData = pm.response.json();",
                  "    pm.collectionVariables.set(\"case_id\", jsonData.data.case.id);",
                  "}"
                ]
              }
            }
          ],
          "request": {
            "method": "POST",
            "header": [],
            "body": {
              "mode": "raw",
              "raw": "{\n  \"patientName\": \"Ahmed Mohammed\",\n  \"patientAge\": 45,\n  \"patientGender\": \"male\",\n  \"procedureCategory\": \"single_implant\",\n  \"guideType\": \"tooth_support\",\n  \"requiredService\": \"full_solution\",\n  \"implantSystem\": \"straumann\",\n  \"teethNumbers\": [14],\n  \"clinicalNotes\": \"Good bone density\",\n  \"isDraft\": true\n}",
              "options": {
                "raw": {
                  "language": "json"
                }
              }
            },
            "url": {
              "raw": "{{base_url}}/cases",
              "host": ["{{base_url}}"],
              "path": ["cases"]
            }
          }
        },
        {
          "name": "List Cases",
          "request": {
            "method": "GET",
            "header": [],
            "url": {
              "raw": "{{base_url}}/cases?page=1&limit=10",
              "host": ["{{base_url}}"],
              "path": ["cases"],
              "query": [
                {"key": "page", "value": "1"},
                {"key": "limit", "value": "10"}
              ]
            }
          }
        },
        {
          "name": "Get Case Details",
          "request": {
            "method": "GET",
            "header": [],
            "url": {
              "raw": "{{base_url}}/cases/{{case_id}}",
              "host": ["{{base_url}}"],
              "path": ["cases", "{{case_id}}"]
            }
          }
        },
        {
          "name": "Update Case",
          "request": {
            "method": "PUT",
            "header": [],
            "body": {
              "mode": "raw",
              "raw": "{\n  \"patientName\": \"Updated Name\",\n  \"clinicalNotes\": \"Updated notes\"\n}",
              "options": {
                "raw": {
                  "language": "json"
                }
              }
            },
            "url": {
              "raw": "{{base_url}}/cases/{{case_id}}",
              "host": ["{{base_url}}"],
              "path": ["cases", "{{case_id}}"]
            }
          }
        },
        {
          "name": "Submit Draft Case",
          "request": {
            "method": "POST",
            "header": [],
            "url": {
              "raw": "{{base_url}}/cases/{{case_id}}/submit",
              "host": ["{{base_url}}"],
              "path": ["cases", "{{case_id}}", "submit"]
            }
          }
        }
      ]
    },
    {
      "name": "Comments",
      "item": [
        {
          "name": "List Comments",
          "request": {
            "method": "GET",
            "header": [],
            "url": {
              "raw": "{{base_url}}/comments/cases/{{case_id}}/comments",
              "host": ["{{base_url}}"],
              "path": ["comments", "cases", "{{case_id}}", "comments"]
            }
          }
        },
        {
          "name": "Add Comment",
          "request": {
            "method": "POST",
            "header": [],
            "body": {
              "mode": "raw",
              "raw": "{\n  \"comment\": \"Please review the latest files I uploaded\"\n}",
              "options": {
                "raw": {
                  "language": "json"
                }
              }
            },
            "url": {
              "raw": "{{base_url}}/comments/cases/{{case_id}}/comments",
              "host": ["{{base_url}}"],
              "path": ["comments", "cases", "{{case_id}}", "comments"]
            }
          }
        }
      ]
    },
    {
      "name": "Files",
      "item": [
        {
          "name": "List Files",
          "request": {
            "method": "GET",
            "header": [],
            "url": {
              "raw": "{{base_url}}/files/cases/{{case_id}}/files",
              "host": ["{{base_url}}"],
              "path": ["files", "cases", "{{case_id}}", "files"]
            }
          }
        },
        {
          "name": "Upload File",
          "request": {
            "method": "POST",
            "header": [],
            "body": {
              "mode": "raw",
              "raw": "{\n  \"fileName\": \"cbct_scan.dcm\",\n  \"fileUrl\": \"https://example.com/file.dcm\",\n  \"fileType\": \"application/dicom\",\n  \"fileSize\": 52428800,\n  \"category\": \"cbct\",\n  \"description\": \"Full mouth CBCT scan\"\n}",
              "options": {
                "raw": {
                  "language": "json"
                }
              }
            },
            "url": {
              "raw": "{{base_url}}/files/cases/{{case_id}}/files",
              "host": ["{{base_url}}"],
              "path": ["files", "cases", "{{case_id}}", "files"]
            }
          }
        }
      ]
    },
    {
      "name": "Quotes",
      "item": [
        {
          "name": "List Quotes",
          "request": {
            "method": "GET",
            "header": [],
            "url": {
              "raw": "{{base_url}}/quotes/cases/{{case_id}}/quotes",
              "host": ["{{base_url}}"],
              "path": ["quotes", "cases", "{{case_id}}", "quotes"]
            }
          }
        },
        {
          "name": "Get Quote Details",
          "request": {
            "method": "GET",
            "header": [],
            "url": {
              "raw": "{{base_url}}/quotes/{{quote_id}}",
              "host": ["{{base_url}}"],
              "path": ["quotes", "{{quote_id}}"]
            }
          }
        },
        {
          "name": "Accept Quote",
          "request": {
            "method": "PUT",
            "header": [],
            "url": {
              "raw": "{{base_url}}/quotes/{{quote_id}}/accept",
              "host": ["{{base_url}}"],
              "path": ["quotes", "{{quote_id}}", "accept"]
            }
          }
        },
        {
          "name": "Reject Quote",
          "request": {
            "method": "PUT",
            "header": [],
            "body": {
              "mode": "raw",
              "raw": "{\n  \"rejectionReason\": \"Price is too high, please revise\",\n  \"requestRevision\": true\n}",
              "options": {
                "raw": {
                  "language": "json"
                }
              }
            },
            "url": {
              "raw": "{{base_url}}/quotes/{{quote_id}}/reject",
              "host": ["{{base_url}}"],
              "path": ["quotes", "{{quote_id}}", "reject"]
            }
          }
        }
      ]
    },
    {
      "name": "Payments",
      "item": [
        {
          "name": "Upload Study Payment",
          "event": [
            {
              "listen": "test",
              "script": {
                "exec": [
                  "if (pm.response.code === 201) {",
                  "    var jsonData = pm.response.json();",
                  "    pm.collectionVariables.set(\"payment_id\", jsonData.data.payment.id);",
                  "}"
                ]
              }
            }
          ],
          "request": {
            "method": "POST",
            "header": [],
            "body": {
              "mode": "raw",
              "raw": "{\n  \"caseId\": {{case_id}},\n  \"amount\": 100,\n  \"paymentMethod\": \"bank_transfer\",\n  \"proofUrl\": \"https://example.com/payment-proof.jpg\",\n  \"transactionId\": \"TXN123456\",\n  \"notes\": \"Transferred from Al Rajhi Bank\"\n}",
              "options": {
                "raw": {
                  "language": "json"
                }
              }
            },
            "url": {
              "raw": "{{base_url}}/payments/study-fee",
              "host": ["{{base_url}}"],
              "path": ["payments", "study-fee"]
            }
          }
        },
        {
          "name": "Upload Production Payment",
          "request": {
            "method": "POST",
            "header": [],
            "body": {
              "mode": "raw",
              "raw": "{\n  \"caseId\": {{case_id}},\n  \"quoteId\": {{quote_id}},\n  \"amount\": 3105,\n  \"paymentMethod\": \"bank_transfer\",\n  \"proofUrl\": \"https://example.com/payment-proof.jpg\",\n  \"transactionId\": \"TXN789012\"\n}",
              "options": {
                "raw": {
                  "language": "json"
                }
              }
            },
            "url": {
              "raw": "{{base_url}}/payments/production-fee",
              "host": ["{{base_url}}"],
              "path": ["payments", "production-fee"]
            }
          }
        },
        {
          "name": "List Payments",
          "request": {
            "method": "GET",
            "header": [],
            "url": {
              "raw": "{{base_url}}/payments",
              "host": ["{{base_url}}"],
              "path": ["payments"]
            }
          }
        },
        {
          "name": "Request Refund",
          "request": {
            "method": "POST",
            "header": [],
            "body": {
              "mode": "raw",
              "raw": "{\n  \"refundReason\": \"Need to cancel case due to patient circumstances\"\n}",
              "options": {
                "raw": {
                  "language": "json"
                }
              }
            },
            "url": {
              "raw": "{{base_url}}/payments/{{payment_id}}/refund-request",
              "host": ["{{base_url}}"],
              "path": ["payments", "{{payment_id}}", "refund-request"]
            }
          }
        }
      ]
    },
    {
      "name": "Designer",
      "item": [
        {
          "name": "List All Cases",
          "request": {
            "method": "GET",
            "header": [],
            "url": {
              "raw": "{{base_url}}/designer/cases?page=1&limit=20",
              "host": ["{{base_url}}"],
              "path": ["designer", "cases"],
              "query": [
                {"key": "page", "value": "1"},
                {"key": "limit", "value": "20"}
              ]
            }
          }
        },
        {
          "name": "Get Case Details",
          "request": {
            "method": "GET",
            "header": [],
            "url": {
              "raw": "{{base_url}}/designer/cases/{{case_id}}",
              "host": ["{{base_url}}"],
              "path": ["designer", "cases", "{{case_id}}"]
            }
          }
        },
        {
          "name": "Update Case Status",
          "request": {
            "method": "PUT",
            "header": [],
            "body": {
              "mode": "raw",
              "raw": "{\n  \"status\": \"study_in_progress\",\n  \"notes\": \"Started working on the case\"\n}",
              "options": {
                "raw": {
                  "language": "json"
                }
              }
            },
            "url": {
              "raw": "{{base_url}}/designer/cases/{{case_id}}/status",
              "host": ["{{base_url}}"],
              "path": ["designer", "cases", "{{case_id}}", "status"]
            }
          }
        },
        {
          "name": "Get Available Statuses",
          "request": {
            "method": "GET",
            "header": [],
            "url": {
              "raw": "{{base_url}}/designer/cases/{{case_id}}/available-statuses",
              "host": ["{{base_url}}"],
              "path": ["designer", "cases", "{{case_id}}", "available-statuses"]
            }
          }
        },
        {
          "name": "List Clients",
          "request": {
            "method": "GET",
            "header": [],
            "url": {
              "raw": "{{base_url}}/designer/clients",
              "host": ["{{base_url}}"],
              "path": ["designer", "clients"]
            }
          }
        },
        {
          "name": "View Client Profile",
          "request": {
            "method": "GET",
            "header": [],
            "url": {
              "raw": "{{base_url}}/designer/clients/1",
              "host": ["{{base_url}}"],
              "path": ["designer", "clients", "1"]
            }
          }
        }
      ]
    },
    {
      "name": "Admin",
      "item": [
        {
          "name": "Create Quote",
          "event": [
            {
              "listen": "test",
              "script": {
                "exec": [
                  "if (pm.response.code === 201) {",
                  "    var jsonData = pm.response.json();",
                  "    pm.collectionVariables.set(\"quote_id\", jsonData.data.quote.id);",
                  "}"
                ]
              }
            }
          ],
          "request": {
            "method": "POST",
            "header": [],
            "body": {
              "mode": "raw",
              "raw": "{\n  \"caseId\": {{case_id}},\n  \"studyFee\": 100,\n  \"designFee\": 500,\n  \"productionFee\": 2000,\n  \"deliveryFee\": 100,\n  \"discountAmount\": 0,\n  \"vatRate\": 15,\n  \"notes\": \"Quote valid for 30 days\"\n}",
              "options": {
                "raw": {
                  "language": "json"
                }
              }
            },
            "url": {
              "raw": "{{base_url}}/admin/quotes",
              "host": ["{{base_url}}"],
              "path": ["admin", "quotes"]
            }
          }
        },
        {
          "name": "Revise Quote",
          "request": {
            "method": "PUT",
            "header": [],
            "body": {
              "mode": "raw",
              "raw": "{\n  \"designFee\": 400,\n  \"productionFee\": 1800,\n  \"notes\": \"Revised quote with reduced pricing\"\n}",
              "options": {
                "raw": {
                  "language": "json"
                }
              }
            },
            "url": {
              "raw": "{{base_url}}/admin/quotes/{{quote_id}}",
              "host": ["{{base_url}}"],
              "path": ["admin", "quotes", "{{quote_id}}"]
            }
          }
        },
        {
          "name": "Verify Payment",
          "request": {
            "method": "PUT",
            "header": [],
            "body": {
              "mode": "raw",
              "raw": "{\n  \"verificationNotes\": \"Payment verified from bank statement\"\n}",
              "options": {
                "raw": {
                  "language": "json"
                }
              }
            },
            "url": {
              "raw": "{{base_url}}/admin/payments/{{payment_id}}/verify",
              "host": ["{{base_url}}"],
              "path": ["admin", "payments", "{{payment_id}}", "verify"]
            }
          }
        },
        {
          "name": "Reject Payment",
          "request": {
            "method": "PUT",
            "header": [],
            "body": {
              "mode": "raw",
              "raw": "{\n  \"rejectionReason\": \"Payment proof is unclear, please upload clearer image\"\n}",
              "options": {
                "raw": {
                  "language": "json"
                }
              }
            },
            "url": {
              "raw": "{{base_url}}/admin/payments/{{payment_id}}/reject",
              "host": ["{{base_url}}"],
              "path": ["admin", "payments", "{{payment_id}}", "reject"]
            }
          }
        },
        {
          "name": "Approve Refund",
          "request": {
            "method": "PUT",
            "header": [],
            "body": {
              "mode": "raw",
              "raw": "{\n  \"refundAmount\": 1500,\n  \"refundNotes\": \"Partial refund approved. Study already completed.\"\n}",
              "options": {
                "raw": {
                  "language": "json"
                }
              }
            },
            "url": {
              "raw": "{{base_url}}/admin/payments/{{payment_id}}/approve-refund",
              "host": ["{{base_url}}"],
              "path": ["admin", "payments", "{{payment_id}}", "approve-refund"]
            }
          }
        },
        {
          "name": "Reject Refund",
          "request": {
            "method": "PUT",
            "header": [],
            "body": {
              "mode": "raw",
              "raw": "{\n  \"rejectionReason\": \"Case is already in production, cannot cancel\"\n}",
              "options": {
                "raw": {
                  "language": "json"
                }
              }
            },
            "url": {
              "raw": "{{base_url}}/admin/payments/{{payment_id}}/reject-refund",
              "host": ["{{base_url}}"],
              "path": ["admin", "payments", "{{payment_id}}", "reject-refund"]
            }
          }
        }
      ]
    }
  ]
}
